./Reviews-9-products/Canon PowerShot SD500.txt,0.857142857143,0.0740740740741
./Reviews-9-products/Canon S100.txt,0.8,0.0714285714286
./Reviews-9-products/Diaper Champ.txt,0.5,0.0568181818182
./Reviews-9-products/Hitachi router.txt,0.785714285714,0.113402061856
./Reviews-9-products/ipod.txt,0.6,0.0566037735849
./Reviews-9-products/Linksys Router.txt,0.777777777778,0.0679611650485
./Reviews-9-products/MicroMP3.txt,0.586206896552,0.0772727272727
./Reviews-9-products/Nokia 6600.txt,0.684210526316,0.0742857142857
./Reviews-9-products/norton.txt,0.333333333333,0.0078125
